{
  "interactionModel": {
    "languageModel": {
      "invocationName": "password vaults",
      "intents": [
        {
          "name": "AMAZON.CancelIntent",
          "samples": []
        },
        {
          "name": "AMAZON.HelpIntent",
          "samples": []
        },
        {
          "name": "AMAZON.StopIntent",
          "samples": []
        },
        {
          "name": "AMAZON.NavigateHomeIntent",
          "samples": []
        },
        {
          "name": "AMAZON.FallbackIntent",
          "samples": []
        },
        {
          "name": "CreateVaultIntent",
          "slots": [
            {
              "name": "vaultName",
              "type": "AMAZON.SearchQuery"
            }
          ],
          "samples": [
            "make {vaultName} a vault",
            "make vault {vaultName}",
            "make {vaultName} vault",
            "create {vaultName} vault",
            "create a vault named {vaultName}",
            "create vault {vaultName}"
          ]
        },
        {
          "name": "AddEntryIntent",
          "slots": [
            {
              "name": "vaultName",
              "type": "AMAZON.SearchQuery"
            },
            {
              "name": "service",
              "type": "AMAZON.SearchQuery",
              "samples": [
                "it is {service}",
                "{service} is the service",
                "The service is {service}",
                "{service}"
              ]
            },
            {
              "name": "username",
              "type": "AMAZON.SearchQuery",
              "samples": [
                "It is {username}",
                "The username is {username}",
                "{username} is the username",
                "{username}"
              ]
            },
            {
              "name": "password",
              "type": "AMAZON.SearchQuery",
              "samples": [
                "{password} is the password",
                "The password is {password}",
                "It is {password}",
                "{password}"
              ]
            }
          ],
          "samples": [
            "add to {vaultName} vault",
            "add item to {vaultName} vault",
            "add line item to {vaultName}",
            "add an entry to {vaultName}",
            "add to {vaultName}"
          ]
        },
        {
          "name": "RemoveEntryIntent",
          "slots": [
            {
              "name": "vaultName",
              "type": "AMAZON.SearchQuery"
            },
            {
              "name": "service",
              "type": "AMAZON.SearchQuery",
              "samples": [
                "{service}"
              ]
            },
            {
              "name": "username",
              "type": "AMAZON.SearchQuery",
              "samples": [
                "{username}"
              ]
            },
            {
              "name": "password",
              "type": "AMAZON.SearchQuery",
              "samples": [
                "{password}"
              ]
            }
          ],
          "samples": [
            "delete entry from {vaultName}",
            "delete from {vaultName}",
            "remove from {vaultName}",
            "remove entry from {vaultName}"
          ]
        }
      ],
      "types": []
    },
    "dialog": {
      "intents": [
        {
          "name": "AddEntryIntent",
          "confirmationRequired": true,
          "prompts": {
            "confirmation": "Confirm.Intent.452299232432"
          },
          "slots": [
            {
              "name": "vaultName",
              "type": "AMAZON.SearchQuery",
              "elicitationRequired": false,
              "confirmationRequired": false,
              "prompts": {}
            },
            {
              "name": "service",
              "type": "AMAZON.SearchQuery",
              "elicitationRequired": true,
              "confirmationRequired": false,
              "prompts": {
                "elicitation": "Elicit.Slot.1595268227104.1522496030200"
              }
            },
            {
              "name": "username",
              "type": "AMAZON.SearchQuery",
              "elicitationRequired": true,
              "confirmationRequired": false,
              "prompts": {
                "elicitation": "Elicit.Slot.1595268227104.1447806449830"
              }
            },
            {
              "name": "password",
              "type": "AMAZON.SearchQuery",
              "elicitationRequired": true,
              "confirmationRequired": false,
              "prompts": {
                "elicitation": "Elicit.Slot.1595268227104.101124293023"
              }
            }
          ]
        },
        {
          "name": "RemoveEntryIntent",
          "confirmationRequired": true,
          "prompts": {
            "confirmation": "Confirm.Intent.374607380427"
          },
          "slots": [
            {
              "name": "vaultName",
              "type": "AMAZON.SearchQuery",
              "elicitationRequired": false,
              "confirmationRequired": false,
              "prompts": {}
            },
            {
              "name": "service",
              "type": "AMAZON.SearchQuery",
              "elicitationRequired": true,
              "confirmationRequired": false,
              "prompts": {
                "elicitation": "Elicit.Slot.374607380427.119436560574"
              }
            },
            {
              "name": "username",
              "type": "AMAZON.SearchQuery",
              "elicitationRequired": true,
              "confirmationRequired": false,
              "prompts": {
                "elicitation": "Elicit.Slot.374607380427.1636431098764"
              }
            },
            {
              "name": "password",
              "type": "AMAZON.SearchQuery",
              "elicitationRequired": true,
              "confirmationRequired": false,
              "prompts": {
                "elicitation": "Elicit.Slot.374607380427.183941498891"
              }
            }
          ]
        }
      ],
      "delegationStrategy": "ALWAYS"
    },
    "prompts": [
      {
        "id": "Elicit.Slot.1595268227104.1522496030200",
        "variations": [
          {
            "type": "PlainText",
            "value": "What service would you like to add to {vaultName} ?"
          }
        ]
      },
      {
        "id": "Elicit.Slot.1595268227104.1447806449830",
        "variations": [
          {
            "type": "PlainText",
            "value": "What is the username associated with {service} ?"
          }
        ]
      },
      {
        "id": "Elicit.Slot.1595268227104.101124293023",
        "variations": [
          {
            "type": "PlainText",
            "value": "What is the password associated with {service} ?"
          }
        ]
      },
      {
        "id": "Confirm.Intent.452299232432",
        "variations": [
          {
            "type": "PlainText",
            "value": "The entry that will be added to {vaultName} is this, the service is {service} , the username is {username} , and the password is {password} . Is this correct?"
          }
        ]
      },
      {
        "id": "Elicit.Slot.374607380427.119436560574",
        "variations": [
          {
            "type": "PlainText",
            "value": "What service would you like to remove from {vaultName} ?"
          }
        ]
      },
      {
        "id": "Elicit.Slot.374607380427.1636431098764",
        "variations": [
          {
            "type": "PlainText",
            "value": "What username is associated with {service} that should be removed?"
          }
        ]
      },
      {
        "id": "Elicit.Slot.374607380427.183941498891",
        "variations": [
          {
            "type": "PlainText",
            "value": "What is the password associated with {service} that should be removed?"
          }
        ]
      },
      {
        "id": "Confirm.Intent.374607380427",
        "variations": [
          {
            "type": "PlainText",
            "value": "The entry that will be removed from {vaultName} is this, the service is {service} , the username is {username} , and the password is {password} . Is this correct?"
          }
        ]
      }
    ]
  },
  "version": "22"
}